Area Name,Area ID,Housing,Economy,Security,Education,Health,Green,Equality,Wellbeing,Services,Civic engagement,Overall
Hartlepool,E06000001, 0.91 ,-1.91 ,-1.59 , 0.69 ,-6.85 , 0.33 ,-4.41 ,-1.34 ,-1.55 ,-2.04 ,-17.75 
Middlesbrough,E06000002,-0.16 ,-3.49 ,-6.29 ,-1.16 ,-7.25 , 1.15 ,-6.74 ,-1.96 ,-1.64 ,-3.65 ,-31.19 
Redcar and Cleveland,E06000003, 3.36 ,-0.20 ,-0.68 , 0.69 ,-6.45 ,-0.69 ,-2.65 , 0.74 , 0.40 ,-0.89 ,-6.37 
Stockton-on-Tees,E06000004, 2.69 ,-0.62 , 0.76 , 0.77 ,-4.02 ,-1.75 ,-0.78 ,-0.56 , 0.80 ,-1.06 ,-3.78 
Darlington,E06000005, 4.03 ,-0.05 ,-1.07 , 0.37 ,-4.22 , 0.85 ,-0.79 ,-2.72 , 1.51 ,-0.69 ,-2.76 
Halton,E06000006, 11.27 ,-0.18 , 2.01 ,-1.02 ,-4.89 , 2.59 ,-0.71 ,-1.09 , 0.56 ,-3.70 , 4.83 
Warrington,E06000007, 5.14 , 1.80 , 3.37 , 3.86 , 0.13 , 2.56 , 3.94 ,-3.05 , 2.55 , 0.52 , 20.82 
Blackburn with Darwen,E06000008, 0.73 ,-0.43 , 1.59 , 1.38 ,-5.46 , 1.24 ,-3.79 , 0.36 ,-0.39 ,-0.73 ,-5.50 
Blackpool,E06000009, 0.85 ,-1.02 ,-7.90 ,-5.09 ,-11.70 , 0.29 ,-5.42 ,-3.44 ,-1.84 ,-5.38 ,-40.65 
Kingston upon Hull,E06000010, 0.25 ,-1.78 ,-4.52 ,-0.02 ,-8.98 , 3.94 ,-4.89 ,-3.06 ,-3.31 ,-5.84 ,-28.20 
East Riding of Yorkshire,E06000011, 3.75 , 1.30 , 5.66 , 1.50 , 2.04 , 2.76 , 3.75 , 3.61 , 2.15 , 1.12 , 27.63 
North East Lincolnshire,E06000012, 2.58 ,-0.50 ,-0.88 ,-2.62 ,-6.00 , 0.71 ,-1.54 ,-0.17 , 0.58 ,-3.53 ,-11.37 
North Lincolnshire,E06000013, 5.11 , 1.39 , 1.09 ,-0.76 ,-4.58 ,-5.08 , 0.70 , 0.86 , 0.24 ,-0.37 ,-1.40 
York,E06000014, 3.49 , 4.02 , 2.84 , 3.49 , 0.61 , 3.05 , 5.29 ,-0.27 , 4.08 ,-0.37 , 26.23 
Derby,E06000015, 4.05 , 1.18 ,-1.81 ,-3.03 ,-4.42 , 2.06 ,-0.16 ,-0.95 , 0.54 ,-2.69 ,-5.23 
Leicester,E06000016, 1.06 ,-0.08 ,-3.05 ,-1.90 ,-5.11 , 3.01 ,-4.16 ,-0.43 ,-0.25 ,-1.39 ,-12.30 
Rutland,E06000017, 2.17 , 2.20 , 4.78 , 5.09 , 7.93 ,-1.87 , 7.74 , 2.51 , 4.67 , 1.00 , 36.21 
Nottingham,E06000018, 0.52 , 0.41 ,-6.28 ,-2.62 ,-6.46 , 1.70 ,-4.06 ,-2.77 ,-0.82 ,-2.40 ,-22.79 
Herefordshire,E06000019, 5.02 , 1.33 , 1.76 , 1.20 , 1.34 , 1.86 , 3.60 , 1.43 , 2.16 , 0.83 , 20.53 
Telford and Wrekin,E06000020, 4.96 , 0.39 , 2.69 , 0.10 ,-5.11 , 3.73 ,-0.03 , 0.00 , 0.26 , 0.22 , 7.22 
Stoke-on-Trent,E06000021, 2.80 , 0.50 ,-1.71 ,-2.99 ,-8.44 , 1.34 ,-3.51 ,-0.45 ,-1.12 ,-2.26 ,-15.85 
Bath and North East Somerset,E06000022, 2.64 , 3.39 , 4.90 , 2.91 , 3.71 , 4.87 , 5.76 ,-1.75 , 4.93 , 0.69 , 32.04 
Bristol,E06000023, 2.57 , 3.39 ,-0.52 ,-0.43 ,-2.85 , 4.33 , 1.64 ,-4.11 , 2.38 ,-0.62 , 5.78 
North Somerset,E06000024, 3.23 , 1.94 , 5.20 , 0.90 , 1.51 , 4.65 , 5.16 ,-0.93 , 3.75 , 1.35 , 26.77 
South Gloucestershire,E06000025, 4.26 , 2.10 , 6.50 ,-0.46 , 2.95 , 4.77 , 6.37 ,-0.10 , 3.68 ,-0.25 , 29.82 
Plymouth,E06000026, 3.48 , 1.11 ,-1.67 ,-0.19 ,-1.97 , 2.49 , 0.99 , 0.98 , 2.13 , 1.26 , 8.59 
Torbay,E06000027, 0.78 , 0.62 , 0.04 , 0.70 ,-1.85 , 2.63 , 0.15 ,-0.39 , 1.06 , 0.02 , 3.76 
Swindon,E06000030, 4.35 , 0.14 , 2.69 , 0.08 ,-0.92 , 2.86 , 3.63 ,-1.71 , 3.19 ,-0.95 , 13.36 
Peterborough,E06000031, 3.68 , 1.31 ,-0.19 ,-4.30 ,-3.19 , 2.77 ,-0.43 ,-1.54 ,-1.58 ,-1.60 ,-5.05 
Luton,E06000032, 4.02 ,-0.04 , 3.40 ,-1.68 ,-3.52 , 2.41 ,-1.15 ,-0.46 ,-1.79 ,-2.36 ,-1.17 
Southend-on-Sea,E06000033, 2.69 , 0.96 , 0.78 , 5.03 ,-1.16 , 2.71 , 3.85 ,-0.97 , 1.60 ,-0.22 , 15.28 
Thurrock,E06000034, 4.16 ,-1.01 , 3.14 , 1.68 ,-1.46 , 1.30 , 3.97 , 1.75 ,-0.64 ,-1.81 , 11.08 
Medway,E06000035,-2.07 , 0.79 , 0.92 ,-2.02 ,-1.30 , 3.40 , 2.22 , 0.35 , 1.18 ,-1.44 , 2.01 
Bracknell Forest,E06000036, 2.87 , 1.15 , 5.03 , 1.84 , 4.59 , 3.04 , 7.78 ,-0.67 , 2.09 , 0.43 , 28.15 
West Berkshire,E06000037, 3.17 , 2.78 , 4.69 , 2.74 , 5.52 , 2.19 , 7.31 ,-1.55 , 3.41 , 0.74 , 31.00 
Reading,E06000038, 1.42 , 2.04 ,-0.20 , 2.28 , 0.02 , 2.72 , 4.20 ,-2.71 , 1.36 , 0.55 , 11.67 
Slough,E06000039, 3.80 ,-0.48 , 2.12 , 3.63 ,-3.71 , 2.21 , 2.05 ,-1.34 ,-3.88 ,-4.27 , 0.15 
Windsor and Maidenhead,E06000040, 1.86 , 2.83 , 4.67 , 2.88 , 7.39 , 1.99 , 8.54 , 0.49 , 3.76 , 2.51 , 36.90 
Wokingham,E06000041, 3.90 , 3.27 , 6.86 , 5.68 , 7.39 , 3.19 , 9.69 ,-1.24 , 4.05 , 3.99 , 46.76 
Milton Keynes,E06000042, 3.65 , 2.71 , 2.59 , 1.17 , 0.72 , 3.97 , 3.62 ,-1.60 , 0.09 , 0.26 , 17.19 
Brighton and Hove,E06000043, 0.34 , 2.39 , 1.88 , 2.03 , 1.41 , 2.43 , 2.86 ,-2.29 , 2.01 ,-0.97 , 12.09 
Portsmouth,E06000044, 3.56 , 0.83 ,-3.43 ,-2.03 ,-2.84 , 2.22 ,-0.40 , 0.01 , 0.00 ,-4.51 ,-6.60 
Southampton,E06000045, 2.43 , 1.04 ,-1.62 ,-1.73 ,-1.55 , 2.68 ,-0.88 ,-2.06 , 0.73 ,-3.24 ,-4.19 
Isle of Wight,E06000046, 5.16 ,-2.36 , 0.51 ,-2.58 ,-0.79 , 4.21 , 0.95 , 0.77 , 3.22 , 0.72 , 9.80 
Durham,E06000047, 3.79 ,-0.07 , 0.87 , 0.06 ,-4.79 , 0.80 ,-1.35 , 0.41 , 1.43 , 0.24 , 1.40 
Cheshire East,E06000049, 3.43 , 1.07 , 6.19 , 3.45 , 2.90 , 2.24 , 5.96 , 1.06 , 3.86 , 1.62 , 31.77 
Cheshire West and Chester,E06000050, 4.33 , 2.40 , 3.62 , 1.26 , 1.88 , 1.83 , 4.88 , 0.03 , 4.16 , 1.21 , 25.61 
Shropshire,E06000051, 1.78 , 1.68 , 6.08 ,-1.11 , 1.92 , 3.46 , 3.60 , 1.31 , 2.50 , 0.84 , 22.07 
Cornwall,E06000052, 3.13 , 0.78 , 3.88 ,-0.26 , 1.15 , 1.76 , 1.37 , 1.51 , 2.72 , 1.42 , 17.45 
Isles of Scilly,E06000053, 0.79 , 0.66 , 5.79 ,-5.92 , 8.08 , 3.60 , 7.73 ,-0.00 , 4.67 , 5.66 , 31.06 
Wiltshire,E06000054, 3.05 , 2.14 , 5.18 ,-0.88 , 2.81 , 2.67 , 5.73 , 0.27 , 3.69 , 2.88 , 27.54 
Bedford Borough,E06000055, 3.29 , 2.73 , 2.49 ,-0.91 ,-1.20 , 2.53 , 4.02 ,-1.13 , 2.19 , 0.21 , 14.22 
Central Bedfordshire,E06000056, 3.21 , 2.34 , 6.34 ,-0.32 , 2.68 , 3.04 , 7.28 , 1.88 , 3.54 , 0.98 , 30.96 
Northumberland,E06000057, 2.66 ,-0.25 , 4.13 , 0.44 ,-1.41 , 0.54 , 1.12 , 0.06 , 2.31 , 1.03 , 10.62 
"Bournemouth, Christchurch and Poole",E06000058, 0.59 , 0.17 , 0.10 , 2.07 , 1.70 , 4.42 , 3.51 ,-0.14 , 3.00 ,-1.62 , 13.79 
Dorset,E06000059, 0.81 , 1.24 , 4.84 , 0.11 , 2.14 ,-2.20 , 4.97 , 3.98 , 1.93 , 0.28 , 18.11 
Buckinghamshire,E06000060, 2.02 , 1.71 , 5.28 , 3.36 , 4.91 , 2.32 , 7.12 , 0.65 , 4.04 , 1.74 , 33.16 
North Northamptonshire,E06000061, 4.13 ,-0.50 , 2.65 ,-0.49 ,-1.35 , 2.03 , 3.79 ,-0.00 , 0.97 , 0.38 , 11.61 
West Northamptonshire,E06000062, 3.93 , 0.72 , 2.26 , 0.71 , 0.29 , 1.88 , 4.76 ,-0.00 , 0.66 , 0.16 , 15.37 
Cambridge,E07000008, 3.39 , 3.81 , 2.99 , 1.90 , 3.78 , 4.60 , 6.05 , 6.44 , 4.50 , 3.70 , 41.16 
East Cambridgeshire,E07000009, 2.79 ,-0.32 , 6.54 , 2.49 , 2.83 , 1.64 , 5.44 , 5.59 , 1.33 , 1.40 , 29.73 
Fenland,E07000010, 2.30 ,-1.32 , 3.55 ,-0.47 ,-0.05 ,-0.13 , 1.89 ,-2.15 ,-1.71 ,-1.50 , 0.41 
Huntingdonshire,E07000011, 4.31 , 1.47 , 5.53 , 0.91 , 2.84 , 2.78 , 4.93 ,-1.90 , 2.44 ,-0.30 , 23.01 
South Cambridgeshire,E07000012, 2.94 , 2.75 , 6.34 , 3.47 , 5.05 , 2.58 , 7.94 , 1.71 , 4.67 , 6.15 , 43.60 
Allerdale,E07000026, 2.02 , 0.09 , 1.92 , 0.35 ,-0.88 ,-0.15 , 4.92 , 2.11 , 3.33 , 0.78 , 14.49 
Barrow-in-Furness,E07000027, 0.28 ,-1.09 ,-0.05 ,-0.05 ,-2.95 ,-1.64 , 3.85 ,-7.29 , 1.86 , 0.83 ,-6.23 
Carlisle,E07000028, 3.41 , 0.09 , 0.40 ,-0.44 ,-1.62 , 1.22 , 2.64 ,-3.01 , 1.60 ,-1.30 , 2.98 
Copeland,E07000029, 3.69 ,-0.01 , 2.09 , 0.54 ,-2.07 , 0.73 , 6.86 , 3.48 , 2.42 ,-0.24 , 17.49 
Eden,E07000030, 1.45 , 0.16 , 4.13 ,-0.24 , 4.52 ,-1.90 , 4.81 , 3.28 , 3.89 , 2.48 , 22.57 
South Lakeland,E07000031, 1.70 , 0.94 , 4.34 , 1.92 , 2.20 , 0.02 , 4.94 , 4.52 , 4.12 , 7.22 , 31.92 
Amber Valley,E07000032, 3.05 ,-0.19 , 4.85 , 1.37 ,-1.01 , 0.47 , 3.23 , 0.41 , 4.28 , 1.72 , 18.17 
Bolsover,E07000033, 2.04 , 0.82 , 3.59 ,-0.01 ,-2.17 , 0.11 , 1.09 , 0.88 , 0.77 ,-3.46 , 3.66 
Chesterfield,E07000034, 2.78 , 1.00 , 2.97 , 0.78 ,-3.07 , 2.05 , 1.19 , 0.15 , 2.43 ,-2.03 , 8.25 
Derbyshire Dales,E07000035, 0.57 , 1.24 , 6.36 , 1.57 , 0.96 , 2.07 , 3.63 , 2.65 , 5.20 , 3.78 , 28.04 
Erewash,E07000036, 2.82 , 0.43 , 4.38 , 0.58 ,-1.68 , 2.19 , 3.09 , 0.91 , 2.97 ,-1.57 , 14.12 
High Peak,E07000037, 2.68 , 0.34 , 4.56 , 0.19 ,-0.37 ,-3.51 , 3.07 , 1.58 , 4.32 , 3.83 , 16.69 
North East Derbyshire,E07000038, 3.31 , 1.16 , 5.51 , 1.37 ,-0.77 , 1.46 , 2.85 , 0.73 , 3.76 ,-0.65 , 18.74 
South Derbyshire,E07000039, 4.29 ,-0.40 , 6.02 , 0.58 ,-1.83 , 2.97 , 4.11 ,-1.02 , 2.71 ,-1.08 , 16.34 
East Devon,E07000040, 3.18 , 2.11 , 5.35 , 1.35 , 4.11 , 4.92 , 4.63 , 0.51 , 4.08 , 1.53 , 31.76 
Exeter,E07000041, 1.79 , 2.74 , 3.23 , 1.15 , 3.60 , 2.67 , 4.13 ,-2.87 , 4.39 , 0.66 , 21.50 
Mid Devon,E07000042, 1.02 , 1.39 , 5.35 , 0.56 , 4.09 , 3.89 , 3.70 , 3.27 , 2.17 , 1.50 , 26.93 
North Devon,E07000043, 1.01 , 1.50 , 5.35 , 0.36 , 4.46 , 3.65 , 2.63 , 0.22 , 2.11 , 2.06 , 23.36 
South Hams,E07000044, 3.00 , 2.52 , 5.35 , 3.12 , 5.28 , 3.62 , 4.92 , 6.12 , 4.40 , 3.99 , 42.33 
Teignbridge,E07000045, 3.78 , 1.13 , 5.35 , 1.74 , 4.00 , 4.23 , 3.36 , 5.57 , 4.61 , 2.40 , 36.18 
Torridge,E07000046, 2.00 , 0.28 , 5.35 , 0.36 , 3.61 , 4.51 , 2.42 , 7.77 , 1.10 , 2.00 , 29.40 
West Devon,E07000047, 3.52 , 2.04 , 5.35 , 0.17 , 3.14 , 3.70 , 3.19 , 8.41 , 3.11 , 4.49 , 37.11 
Eastbourne,E07000061, 0.79 , 1.08 , 0.68 ,-2.41 ,-0.02 , 2.41 , 2.08 ,-2.86 , 1.58 ,-0.53 , 2.81 
Hastings,E07000062, 1.22 ,-0.01 ,-1.11 ,-1.82 ,-2.04 , 2.21 ,-0.26 ,-0.55 ,-0.26 ,-1.18 ,-3.80 
Lewes,E07000063, 2.65 ,-0.15 , 3.40 ,-0.64 , 0.07 , 2.17 , 4.75 , 3.37 , 3.36 , 3.37 , 22.36 
Rother,E07000064, 6.22 ,-0.58 , 3.18 , 0.54 , 1.43 , 1.75 , 2.96 , 1.84 , 1.86 , 1.21 , 20.42 
Wealden,E07000065, 3.87 , 1.80 , 4.62 , 0.15 , 2.45 , 2.28 , 4.27 , 0.31 , 2.74 ,-0.11 , 22.38 
Basildon,E07000066, 3.37 , 0.50 , 2.81 , 1.64 , 1.07 , 3.70 , 3.75 , 0.65 , 0.43 ,-2.48 , 15.44 
Braintree,E07000067, 3.58 ,-1.50 , 4.73 , 2.23 , 1.47 , 2.70 , 4.60 ,-0.80 , 1.91 , 0.71 , 19.62 
Brentwood,E07000068,-0.48 ,-0.57 , 5.65 , 3.02 , 3.66 , 0.96 , 6.06 ,-2.72 , 3.33 , 0.75 , 19.65 
Castle Point,E07000069, 2.16 ,-2.67 , 5.13 , 1.64 , 1.42 , 3.16 , 4.71 , 2.01 , 2.23 ,-1.33 , 18.46 
Chelmsford,E07000070, 4.26 , 0.51 , 4.29 , 2.23 , 2.33 , 2.13 , 6.95 ,-0.14 , 2.60 , 0.39 , 25.57 
Colchester,E07000071, 2.96 ,-0.31 , 3.10 , 1.25 , 0.97 , 4.54 , 4.58 , 1.30 , 0.87 , 0.03 , 19.28 
Epping Forest,E07000072, 2.22 , 0.96 , 4.82 , 1.05 , 1.79 , 2.71 , 5.86 ,-0.50 , 2.67 ,-1.47 , 20.12 
Harlow,E07000073, 3.06 ,-1.50 , 1.50 , 2.23 ,-0.70 , 3.07 , 2.54 ,-2.17 ,-0.71 ,-2.33 , 4.99 
Maldon,E07000074, 6.22 ,-0.84 , 5.81 , 1.84 , 1.80 , 3.73 , 6.09 ,-5.15 , 2.40 , 0.73 , 22.63 
Rochford,E07000075, 3.73 ,-0.95 , 5.97 , 2.03 , 2.25 , 4.36 , 7.04 , 2.11 , 3.52 ,-0.34 , 29.73 
Tendring,E07000076, 1.50 ,-1.10 , 2.62 ,-0.13 ,-0.66 , 2.15 , 2.88 ,-2.09 ,-0.06 ,-2.77 , 2.33 
Uttlesford,E07000077, 2.50 , 1.46 , 6.00 , 3.41 , 3.73 , 2.12 , 7.20 , 6.80 , 3.18 , 5.67 , 42.07 
Cheltenham,E07000078, 2.67 , 2.87 , 2.97 , 3.66 , 2.80 , 3.90 , 5.76 ,-1.17 , 3.09 , 3.83 , 30.36 
Cotswold,E07000079, 0.99 , 1.77 , 6.55 , 4.06 , 4.79 , 2.59 , 5.87 , 3.77 , 2.85 , 2.68 , 35.90 
Forest of Dean,E07000080, 3.82 , 0.63 , 6.32 , 1.49 , 3.64 , 3.54 , 3.83 ,-1.87 , 2.65 , 1.65 , 25.70 
Gloucester,E07000081, 4.14 , 0.70 , 2.07 , 2.09 , 0.02 , 3.53 , 2.94 ,-3.17 , 0.78 ,-1.65 , 11.44 
Stroud,E07000082, 2.43 , 1.42 , 6.13 , 3.66 , 2.63 , 4.02 , 5.05 , 4.80 , 4.31 , 4.21 , 38.67 
Tewkesbury,E07000083, 4.63 , 0.94 , 6.76 , 3.27 , 3.13 , 3.02 , 5.83 , 0.68 , 3.30 , 2.92 , 34.48 
Basingstoke and Deane,E07000084, 5.11 , 0.70 , 3.70 , 1.61 , 1.57 , 0.79 , 6.84 , 2.65 , 3.66 , 2.63 , 29.25 
East Hampshire,E07000085, 2.19 , 1.07 , 4.64 , 2.60 , 4.03 , 0.67 , 6.51 , 3.55 , 5.09 , 1.32 , 31.67 
Eastleigh,E07000086, 5.83 , 1.64 , 4.04 , 1.61 , 3.53 , 3.00 , 6.45 , 1.15 , 4.22 , 1.09 , 32.56 
Fareham,E07000087, 5.74 , 1.69 , 4.58 , 2.60 , 3.38 , 2.07 , 7.31 ,-1.31 , 3.82 , 2.18 , 32.06 
Gosport,E07000088, 4.56 , 0.59 , 1.86 ,-0.55 ,-0.17 , 2.20 , 4.09 , 0.71 , 1.56 , 1.33 , 16.17 
Hart,E07000089, 4.86 , 2.09 , 3.70 , 3.39 , 5.15 , 1.73 , 8.93 , 3.10 , 5.67 , 3.26 , 41.88 
Havant,E07000090, 3.81 , 0.43 , 2.43 ,-0.36 , 1.96 , 1.89 , 3.01 ,-2.54 , 2.88 ,-1.00 , 12.52 
New Forest,E07000091, 2.63 , 0.67 , 3.89 , 2.20 , 4.31 , 0.83 , 5.54 ,-0.96 , 2.85 , 0.95 , 22.91 
Rushmoor,E07000092, 2.58 , 1.28 , 3.70 , 2.60 , 2.05 , 2.10 , 4.06 , 3.01 , 0.93 ,-0.74 , 21.55 
Test Valley,E07000093, 5.02 , 1.93 , 3.93 , 2.40 , 3.36 , 1.45 , 6.31 ,-6.55 , 3.28 , 0.10 , 21.23 
Winchester,E07000094, 2.39 , 2.21 , 3.98 , 2.79 , 5.47 , 1.38 , 7.41 ,-4.06 , 5.18 , 6.23 , 32.99 
Broxbourne,E07000095, 3.44 , 0.08 , 4.70 , 3.00 , 2.47 , 2.90 , 5.78 , 2.21 ,-0.48 ,-2.84 , 21.26 
Dacorum,E07000096, 2.35 , 1.22 , 4.60 , 3.59 , 3.02 , 3.72 , 6.54 ,-0.00 , 3.01 , 1.14 , 29.20 
Hertsmere,E07000098,-0.58 , 0.63 , 4.43 , 3.99 , 2.23 , 1.66 , 6.65 ,-1.23 , 1.19 ,-0.03 , 18.92 
North Hertfordshire,E07000099, 3.67 , 2.53 , 5.25 , 3.40 , 2.91 , 3.81 , 7.71 , 0.52 , 4.13 , 2.56 , 36.48 
Three Rivers,E07000102, 10.00 , 1.90 , 5.46 , 4.77 , 3.01 , 3.50 , 7.29 ,-0.24 , 3.34 , 1.93 , 40.96 
Watford,E07000103, 2.71 , 1.92 , 3.03 , 4.18 , 0.44 , 4.27 , 4.90 ,-4.49 , 0.64 ,-0.31 , 17.29 
Ashford,E07000105, 2.85 ,-1.76 , 2.17 ,-0.05 , 0.15 , 3.31 , 2.98 , 2.94 , 1.01 ,-2.00 , 11.61 
Canterbury,E07000106, 1.33 , 2.03 , 1.51 , 1.92 ,-0.03 , 3.25 , 3.31 , 0.46 , 2.23 ,-0.07 , 15.94 
Dartford,E07000107, 4.21 , 0.52 , 1.92 , 0.94 ,-0.59 , 0.99 , 4.51 , 2.96 , 0.79 ,-1.49 , 14.75 
Dover,E07000108, 2.49 ,-0.20 , 1.78 , 1.33 , 0.89 , 3.52 , 2.59 ,-3.95 , 1.80 , 0.48 , 10.73 
Gravesham,E07000109, 4.22 ,-0.34 , 1.92 ,-0.24 ,-0.19 , 3.38 , 2.72 ,-4.18 , 3.48 ,-2.44 , 8.33 
Maidstone,E07000110, 4.35 ,-0.30 , 1.43 , 0.54 , 1.34 , 3.62 , 4.22 ,-1.59 , 2.54 , 0.62 , 16.79 
Sevenoaks,E07000111, 2.69 , 1.58 , 4.26 , 2.32 , 2.01 , 0.41 , 6.69 , 2.74 , 3.13 , 3.09 , 28.92 
Folkestone and Hythe,E07000112, 1.35 , 0.61 , 1.92 , 0.74 , 0.71 , 3.53 , 2.63 , 3.87 , 0.54 ,-1.71 , 14.18 
Swale,E07000113, 4.29 ,-0.86 , 1.05 , 0.15 ,-1.34 , 2.38 , 2.86 ,-0.90 , 0.69 ,-1.32 , 7.00 
Thanet,E07000114, 0.63 ,-1.30 ,-0.88 , 0.15 ,-1.69 , 2.17 , 0.66 ,-3.70 , 0.59 ,-1.12 ,-4.49 
Tonbridge and Malling,E07000115, 3.20 ,-0.38 , 4.08 , 1.53 , 1.63 , 3.05 , 5.91 , 1.08 , 3.23 , 3.08 , 26.42 
Tunbridge Wells,E07000116, 4.06 , 1.81 , 4.22 , 1.92 , 3.49 , 2.65 , 5.87 , 1.97 , 4.80 , 3.63 , 34.43 
Burnley,E07000117, 3.39 ,-0.78 ,-1.70 ,-0.88 ,-4.09 , 1.22 ,-1.33 ,-0.67 , 0.89 ,-2.06 ,-6.01 
Chorley,E07000118, 4.13 ,-0.74 , 3.83 , 1.87 ,-1.25 , 2.40 , 4.32 , 7.06 , 3.39 , 0.96 , 25.97 
Fylde,E07000119, 0.83 ,-1.35 , 5.13 , 2.07 , 0.21 , 1.26 , 3.89 ,-0.80 , 2.52 ,-0.49 , 13.27 
Hyndburn,E07000120, 1.68 ,-6.30 , 1.07 , 0.50 ,-3.97 , 1.47 ,-1.27 , 0.27 , 1.91 ,-2.46 ,-7.10 
Lancaster,E07000121, 1.79 ,-0.86 , 2.74 , 0.89 ,-3.32 , 2.06 , 2.97 , 1.47 , 1.88 ,-1.81 , 7.81 
Pendle,E07000122, 1.92 ,-3.01 , 3.16 ,-0.29 ,-3.20 , 0.72 ,-3.14 ,-2.16 , 1.65 , 0.10 ,-4.24 
Preston,E07000123, 3.38 ,-0.05 , 1.85 , 0.50 ,-3.86 , 1.39 ,-0.22 , 5.17 , 1.14 ,-4.52 , 4.77 
Ribble Valley,E07000124, 4.18 ,-1.26 , 6.20 , 2.27 , 1.02 ,-2.06 , 5.55 , 5.44 , 4.94 , 4.11 , 30.38 
Rossendale,E07000125, 3.62 ,-1.25 , 3.21 , 0.69 ,-2.73 , 0.73 , 1.37 ,-1.74 , 2.68 ,-0.13 , 6.47 
South Ribble,E07000126, 3.58 ,-1.70 , 0.13 , 1.48 , 0.64 , 2.26 , 3.22 , 4.32 , 3.72 ,-0.28 , 17.37 
West Lancashire,E07000127, 4.38 ,-1.79 , 5.08 , 1.28 ,-1.23 , 1.78 , 2.48 , 1.50 , 1.70 ,-0.49 , 14.67 
Wyre,E07000128, 6.24 ,-1.14 , 4.17 , 1.28 ,-2.56 , 1.72 , 2.62 , 5.89 , 2.13 ,-0.14 , 20.21 
Blaby,E07000129, 4.62 ,-0.20 , 4.72 , 1.13 , 1.49 , 2.24 , 5.30 ,-0.70 , 4.14 ,-0.20 , 22.55 
Charnwood,E07000130, 4.01 , 1.79 , 3.20 , 1.33 , 0.88 , 2.80 , 5.05 , 1.85 , 4.61 , 0.82 , 26.32 
Harborough,E07000131, 3.46 , 1.84 , 5.13 , 1.72 , 1.16 , 2.09 , 7.65 ,-1.64 , 4.00 , 3.00 , 28.42 
Hinckley and Bosworth,E07000132, 5.32 , 0.58 , 3.91 , 0.94 , 0.26 , 2.39 , 5.62 , 0.16 , 2.30 ,-0.66 , 20.81 
Melton,E07000133, 3.51 , 0.07 , 3.35 , 2.32 , 1.16 , 1.79 , 4.37 , 2.00 , 2.77 , 0.43 , 21.78 
North West Leicestershire,E07000134, 4.46 , 2.27 , 3.74 , 1.33 , 0.15 , 1.18 , 5.56 , 1.96 , 2.57 ,-0.84 , 22.39 
Oadby and Wigston,E07000135, 3.28 , 1.26 , 4.40 , 0.54 ,-0.14 , 2.78 , 4.01 ,-0.00 , 1.83 ,-1.42 , 16.54 
Boston,E07000136, 6.31 ,-4.58 , 3.57 , 0.35 ,-1.58 , 1.91 , 2.20 ,-0.00 ,-1.29 ,-4.44 , 2.44 
East Lindsey,E07000137, 2.00 ,-3.26 , 3.20 ,-0.32 ,-2.49 , 1.19 , 0.72 , 3.31 ,-0.77 ,-1.94 , 1.64 
Lincoln,E07000138, 5.97 ,-1.80 ,-0.80 ,-1.70 ,-3.99 , 2.51 , 0.15 , 3.18 , 1.18 ,-3.19 , 1.51 
North Kesteven,E07000139, 3.06 , 1.37 , 6.66 , 1.65 ,-0.67 , 1.89 , 4.18 , 2.39 , 2.17 ,-1.25 , 21.44 
South Holland,E07000140, 3.12 ,-3.37 , 4.97 ,-0.72 ,-0.93 , 0.20 , 3.16 , 5.12 ,-0.93 ,-1.48 , 9.13 
South Kesteven,E07000141, 2.48 ,-1.16 , 5.26 , 0.66 , 0.08 , 1.77 , 3.45 , 1.21 , 1.24 , 0.64 , 15.63 
West Lindsey,E07000142, 2.38 ,-1.93 , 4.39 ,-0.13 ,-1.21 , 1.48 , 3.64 , 0.37 , 1.90 ,-1.92 , 8.96 
Breckland,E07000143, 2.60 , 0.62 , 4.22 ,-1.77 , 0.74 , 1.59 , 2.52 , 4.22 , 1.05 , 0.43 , 16.20 
Broadland,E07000144, 5.65 , 0.17 , 5.72 , 0.39 , 1.85 , 2.38 , 4.53 , 1.75 , 3.78 , 1.25 , 27.47 
Great Yarmouth,E07000145, 2.08 ,-0.58 ,-0.20 ,-1.18 ,-1.66 , 1.38 , 1.08 ,-1.74 ,-0.90 ,-3.32 ,-5.03 
King's Lynn and West Norfolk,E07000146, 1.83 ,-0.03 , 4.00 ,-1.38 ,-0.40 ,-0.37 , 2.37 , 3.96 ,-1.29 ,-0.90 , 7.80 
North Norfolk,E07000147, 3.07 , 0.18 , 4.98 ,-0.20 , 1.39 , 0.93 , 2.68 , 2.99 , 2.08 , 1.09 , 19.20 
Norwich,E07000148, 2.69 , 0.89 ,-0.42 ,-1.77 ,-0.61 , 2.95 , 0.51 ,-2.97 , 2.90 ,-0.63 , 3.53 
South Norfolk,E07000149, 4.25 , 0.25 , 5.53 , 0.20 , 1.73 , 1.93 , 4.92 ,-0.51 , 1.90 , 2.04 , 22.23 
Craven,E07000163, 2.47 , 2.35 , 3.41 ,-3.04 , 2.69 ,-0.13 , 4.20 ,-0.46 , 5.09 , 2.18 , 18.76 
Hambleton,E07000164, 2.64 , 0.51 , 3.41 ,-2.84 , 3.99 , 0.63 , 4.92 , 0.39 , 3.15 , 2.14 , 18.94 
Harrogate,E07000165, 3.26 , 3.19 , 3.41 ,-2.45 , 4.00 , 0.58 , 6.36 , 1.87 , 4.46 , 1.86 , 26.55 
Richmondshire,E07000166, 1.74 , 1.29 , 3.41 ,-3.83 , 4.20 , 0.56 , 4.46 ,-1.91 , 3.08 , 3.34 , 16.34 
Ryedale,E07000167, 4.25 , 0.15 , 3.41 ,-3.04 , 4.32 , 0.78 , 3.45 , 2.67 , 1.23 , 0.74 , 17.96 
Scarborough,E07000168, 3.55 ,-0.44 , 3.41 ,-5.21 , 1.15 , 0.32 , 2.06 ,-1.87 , 1.58 , 0.05 , 4.61 
Selby,E07000169, 4.36 , 1.35 , 3.41 ,-4.02 , 2.13 , 1.08 , 5.43 ,-1.75 , 2.42 , 0.56 , 14.97 
Ashfield,E07000170, 4.95 ,-1.22 , 2.53 , 0.38 ,-3.46 , 2.04 , 2.03 ,-0.10 , 2.01 ,-0.63 , 8.54 
Bassetlaw,E07000171, 2.50 ,-1.03 , 1.63 , 0.58 ,-3.25 ,-0.34 , 3.29 ,-1.27 , 0.51 , 1.37 , 3.97 
Broxtowe,E07000172, 3.88 ,-0.54 , 3.59 , 1.96 ,-1.45 , 1.46 , 4.61 ,-0.37 , 5.11 , 2.00 , 20.26 
Gedling,E07000173, 3.46 ,-1.19 , 3.59 , 1.96 ,-1.03 , 0.83 , 4.15 ,-4.76 , 4.10 , 0.76 , 11.87 
Mansfield,E07000174, 2.98 ,-1.78 , 0.92 , 0.18 ,-3.57 , 1.13 , 2.05 , 2.13 ,-0.50 ,-2.69 , 0.85 
Newark and Sherwood,E07000175, 3.99 ,-1.09 , 3.42 , 0.77 ,-1.69 , 0.20 , 4.02 ,-0.55 , 3.02 , 0.63 , 12.73 
Rushcliffe,E07000176, 3.64 , 0.82 , 3.59 , 3.93 , 0.86 , 2.20 , 6.57 ,-0.94 , 5.55 , 4.87 , 31.09 
Cherwell,E07000177, 3.29 , 2.88 , 3.97 , 1.90 , 4.67 , 3.21 , 6.27 , 0.01 , 2.34 , 1.46 , 29.98 
Oxford,E07000178, 3.19 , 2.04 , 2.93 , 0.32 , 4.30 , 4.82 , 5.51 , 1.50 , 3.96 , 0.87 , 29.42 
South Oxfordshire,E07000179, 4.09 , 2.05 , 5.68 , 2.49 , 5.95 , 3.69 , 7.92 , 1.50 , 4.95 , 2.23 , 40.55 
Vale of White Horse,E07000180, 4.56 , 2.29 , 5.35 , 1.90 , 5.09 , 4.39 , 7.56 , 0.04 , 4.31 , 2.17 , 37.66 
West Oxfordshire,E07000181, 2.92 , 3.37 , 5.68 , 2.09 , 5.61 , 3.01 , 6.51 ,-2.20 , 4.46 , 3.12 , 34.57 
Mendip,E07000187, 2.58 , 1.59 , 5.00 ,-0.54 , 1.92 , 3.15 , 3.64 , 1.80 , 3.48 , 2.00 , 24.62 
Sedgemoor,E07000188, 2.30 , 0.05 , 5.00 ,-1.14 , 1.63 , 2.94 , 3.12 , 1.85 , 1.54 , 0.05 , 17.33 
South Somerset,E07000189, 2.41 , 1.68 , 5.00 , 0.05 , 2.73 , 3.36 , 4.10 , 2.95 , 2.39 ,-0.95 , 23.71 
Cannock Chase,E07000192, 5.11 ,-3.83 , 5.83 , 0.77 ,-1.46 , 2.93 , 2.07 ,-7.64 , 2.36 ,-3.33 , 2.81 
East Staffordshire,E07000193, 2.96 , 0.06 , 5.81 , 1.36 ,-1.42 , 2.26 , 2.48 ,-4.69 , 0.68 , 0.33 , 9.85 
Lichfield,E07000194, 3.98 , 1.54 , 6.67 , 1.95 ,-1.28 , 1.93 , 6.05 ,-6.37 , 3.30 ,-0.16 , 17.61 
Newcastle-under-Lyme,E07000195, 4.94 ,-0.06 , 5.16 , 2.15 ,-1.42 , 2.52 , 3.22 , 6.54 , 2.66 ,-1.45 , 24.26 
South Staffordshire,E07000196, 3.59 , 1.58 , 6.97 , 1.75 ,-0.18 , 2.40 , 4.99 , 2.56 , 2.50 ,-1.87 , 24.28 
Stafford,E07000197, 4.95 , 3.44 , 6.06 , 2.34 ,-0.40 , 2.75 , 4.96 ,-1.10 , 3.25 ,-0.00 , 26.25 
Staffordshire Moorlands,E07000198, 2.72 , 1.63 , 5.92 , 1.56 ,-0.45 , 2.12 , 4.59 , 3.70 , 2.89 ,-0.60 , 24.08 
Tamworth,E07000199, 5.31 , 0.29 , 5.24 ,-0.02 ,-2.43 , 2.52 , 2.22 ,-1.13 , 1.51 ,-1.07 , 12.45 
Babergh,E07000200, 2.83 , 0.67 , 4.77 , 0.43 , 3.49 , 1.38 , 4.34 , 6.71 , 3.27 , 2.77 , 30.67 
Ipswich,E07000202, 2.42 , 0.47 , 1.28 ,-0.55 , 0.97 , 2.41 , 1.44 ,-4.73 ,-0.10 ,-2.09 , 1.51 
Mid Suffolk,E07000203, 3.37 , 0.52 , 5.27 ,-0.75 , 3.08 , 1.76 , 4.75 , 1.43 , 2.14 , 2.71 , 24.27 
Elmbridge,E07000207, 2.86 , 4.88 , 6.22 , 1.48 , 7.00 , 2.25 , 9.75 , 0.55 , 5.35 , 1.78 , 42.13 
Epsom and Ewell,E07000208, 1.45 , 1.56 , 5.53 , 0.69 , 6.43 , 3.41 , 8.05 ,-1.50 , 4.95 , 1.37 , 31.95 
Guildford,E07000209, 0.36 , 3.36 , 5.82 , 0.10 , 6.14 , 4.15 , 9.11 ,-2.44 , 4.18 , 2.27 , 33.05 
Mole Valley,E07000210, 1.52 , 2.22 , 6.53 , 0.10 , 6.89 , 2.35 , 8.81 , 0.12 , 4.68 , 4.42 , 37.64 
Reigate and Banstead,E07000211, 2.20 , 3.26 , 5.77 ,-0.09 , 4.45 , 3.00 , 8.10 ,-1.40 , 3.62 , 1.33 , 30.24 
Runnymede,E07000212, 1.15 , 3.49 , 4.73 , 0.89 , 4.63 , 3.13 , 7.45 , 7.00 , 2.26 ,-0.75 , 33.98 
Spelthorne,E07000213, 1.83 , 1.25 , 4.80 ,-0.49 , 4.06 , 3.26 , 8.01 ,-0.72 , 1.58 , 0.50 , 24.09 
Surrey Heath,E07000214, 2.27 , 2.83 , 6.04 , 0.69 , 6.29 , 3.27 , 9.52 , 2.89 , 4.81 , 2.80 , 41.40 
Tandridge,E07000215, 3.64 , 2.70 , 5.37 , 0.89 , 4.88 , 2.68 , 8.47 , 1.94 , 4.17 , 2.13 , 36.87 
Waverley,E07000216, 1.57 , 3.09 , 6.95 , 1.48 , 6.42 , 2.70 , 9.53 ,-2.97 , 5.57 , 4.29 , 38.63 
Woking,E07000217, 3.13 , 2.93 , 5.54 ,-0.09 , 4.77 , 3.65 , 7.57 , 7.19 , 3.51 , 2.95 , 41.15 
North Warwickshire,E07000218, 10.02 , 1.13 , 4.26 , 1.13 ,-1.62 , 0.82 , 3.98 , 0.74 , 2.18 ,-2.31 , 20.35 
Nuneaton and Bedworth,E07000219, 3.33 , 1.51 , 2.61 , 1.92 ,-1.96 , 2.39 , 2.73 , 1.55 , 0.41 ,-0.93 , 13.55 
Rugby,E07000220, 4.33 , 3.25 , 4.51 , 2.71 ,-0.19 ,-0.04 , 5.65 , 2.79 , 2.16 ,-0.07 , 25.10 
Stratford-on-Avon,E07000221, 3.36 , 2.61 , 4.36 , 2.71 , 2.10 , 2.79 , 6.11 , 0.38 , 3.20 , 3.30 , 30.92 
Warwick,E07000222, 1.25 , 2.22 , 4.36 , 3.30 , 1.79 , 3.44 , 6.69 , 0.43 , 4.94 , 3.10 , 31.52 
Adur,E07000223, 2.25 , 1.63 , 4.32 , 0.89 , 1.12 , 3.22 , 4.45 , 0.36 , 3.62 , 0.66 , 22.52 
Arun,E07000224, 3.48 ,-0.18 , 4.22 ,-1.08 , 0.29 , 2.51 , 3.92 , 3.53 , 1.52 ,-1.28 , 16.92 
Chichester,E07000225, 2.98 , 1.51 , 4.88 ,-0.69 , 1.53 , 1.55 , 5.16 ,-9.91 , 3.87 , 1.53 , 12.41 
Crawley,E07000226, 4.11 , 1.12 , 2.47 ,-0.69 , 1.21 , 2.31 , 3.47 ,-0.76 ,-0.10 , 0.19 , 13.33 
Horsham,E07000227, 3.72 , 1.71 , 5.58 , 0.30 , 2.30 , 3.22 , 7.31 , 1.17 , 4.14 , 2.57 , 32.02 
Mid Sussex,E07000228, 2.39 , 3.17 , 6.26 , 1.48 , 2.17 , 2.34 , 7.48 , 3.39 , 5.72 , 2.79 , 37.17 
Worthing,E07000229, 2.86 ,-0.60 , 3.61 ,-0.49 , 0.02 , 3.41 , 4.43 ,-3.13 , 3.88 ,-0.52 , 13.46 
Bromsgrove,E07000234, 3.24 , 2.69 , 5.36 , 1.68 , 3.30 , 1.36 , 6.02 ,-0.85 , 4.48 , 1.57 , 28.85 
Malvern Hills,E07000235, 3.83 , 1.13 , 5.36 , 0.50 , 1.87 , 1.61 , 4.54 , 0.28 , 1.62 , 2.64 , 23.39 
Redditch,E07000236, 5.25 , 0.64 , 5.36 ,-2.06 ,-0.12 , 1.64 , 1.65 ,-3.89 ,-1.66 ,-2.36 , 4.44 
Worcester,E07000237, 5.90 , 1.96 , 5.36 , 0.30 , 0.67 , 2.58 , 2.69 ,-0.69 , 2.00 ,-0.52 , 20.25 
Wychavon,E07000238, 5.16 , 2.17 , 5.36 ,-1.08 , 2.60 , 2.05 , 3.84 , 1.94 , 1.73 , 2.06 , 25.84 
Wyre Forest,E07000239, 4.64 , 1.24 , 5.36 ,-0.29 ,-0.11 , 1.39 , 2.57 , 0.09 , 0.78 , 0.04 , 15.72 
St Albans,E07000240, 2.82 , 4.42 , 5.27 , 4.77 , 4.13 , 3.98 , 10.30 ,-0.97 , 4.48 , 4.88 , 44.08 
Welwyn Hatfield,E07000241, 7.03 , 0.40 , 4.06 , 3.00 , 1.73 , 3.26 , 5.83 ,-0.64 , 0.60 , 1.21 , 26.48 
East Hertfordshire,E07000242, 3.94 , 3.01 , 5.02 , 4.38 , 3.48 , 3.09 , 8.40 , 0.08 , 5.62 , 1.33 , 38.36 
Stevenage,E07000243, 6.38 , 0.60 , 2.20 , 3.20 , 1.00 , 3.40 , 3.61 ,-5.33 , 0.68 ,-1.87 , 13.87 
East Suffolk,E07000244, 1.59 , 1.71 , 3.44 ,-0.75 , 1.90 , 2.00 , 3.66 , 2.21 , 2.97 , 1.81 , 20.53 
West Suffolk,E07000245, 4.41 , 0.80 , 3.17 ,-0.75 , 2.68 , 0.88 , 4.43 , 1.00 , 0.31 ,-0.94 , 16.00 
Somerset West and Taunton,E07000246, 2.00 , 1.48 , 5.00 ,-0.54 , 2.03 , 3.53 , 3.45 , 2.22 , 2.62 , 1.29 , 23.07 
Bolton,E08000001, 3.06 , 0.08 , 0.98 , 0.01 ,-3.40 , 3.41 ,-2.29 ,-1.09 , 0.56 ,-1.17 , 0.14 
Bury,E08000002, 3.18 , 1.12 , 2.65 , 1.52 ,-1.35 , 3.19 , 1.80 ,-0.67 , 2.60 , 0.48 , 14.52 
Manchester,E08000003,-10.91 ,-1.18 ,-3.03 ,-1.45 ,-5.31 , 3.56 ,-7.63 ,-3.40 ,-2.15 ,-5.00 ,-36.50 
Oldham,E08000004, 3.93 ,-0.08 ,-0.15 ,-2.57 ,-7.18 , 2.76 ,-3.52 ,-0.54 , 0.63 ,-1.25 ,-7.96 
Rochdale,E08000005, 2.30 ,-0.03 ,-0.23 ,-2.20 ,-5.67 , 3.37 ,-2.96 ,-3.33 ,-1.00 ,-2.57 ,-12.31 
Salford,E08000006,-0.75 , 0.90 , 1.30 ,-1.80 ,-6.22 , 3.66 ,-2.34 ,-0.52 ,-0.99 ,-4.86 ,-11.60 
Stockport,E08000007, 3.57 , 0.66 , 3.61 , 2.75 , 0.31 , 3.35 , 3.77 , 0.65 , 3.38 , 0.99 , 23.04 
Tameside,E08000008, 4.54 ,-0.03 , 0.97 ,-0.71 ,-5.50 , 3.42 ,-0.81 ,-0.70 ,-0.36 ,-3.49 ,-2.67 
Trafford,E08000009, 2.35 , 2.64 , 5.42 , 7.61 , 2.83 , 3.08 , 5.78 ,-2.94 , 3.68 , 2.12 , 32.57 
Wigan,E08000010, 2.82 ,-0.15 , 1.16 , 1.59 ,-4.17 , 4.06 , 1.65 ,-1.61 , 1.41 ,-2.96 , 3.83 
Knowsley,E08000011, 3.22 , 0.74 , 1.51 ,-6.72 ,-6.29 , 1.42 ,-3.73 ,-1.67 ,-2.84 ,-7.40 ,-21.76 
Liverpool,E08000012,-0.82 , 1.22 ,-0.13 ,-2.54 ,-6.10 , 1.16 ,-3.35 ,-3.84 ,-0.43 ,-6.84 ,-21.66 
St. Helens,E08000013, 5.31 , 1.52 , 2.01 ,-0.65 ,-3.94 , 1.02 , 1.49 ,-3.04 , 1.94 ,-2.36 , 3.30 
Sefton,E08000014, 1.39 , 0.51 , 3.71 , 1.44 ,-0.38 , 1.39 , 2.08 ,-1.15 , 2.96 ,-2.52 , 9.43 
Wirral,E08000015, 4.31 , 1.02 , 3.00 , 0.70 ,-2.25 , 1.20 , 0.92 ,-3.89 , 2.58 ,-0.56 , 7.04 
Barnsley,E08000016, 4.29 ,-0.15 ,-0.43 ,-1.21 ,-6.10 , 2.71 ,-0.36 , 0.16 , 1.70 ,-3.58 ,-2.98 
Doncaster,E08000017, 1.94 ,-1.07 ,-0.51 ,-2.13 ,-6.63 , 2.49 ,-0.30 ,-1.64 , 0.11 ,-3.97 ,-11.70 
Rotherham,E08000018, 4.20 ,-0.43 , 0.64 , 0.21 ,-6.13 , 2.58 ,-0.47 , 0.90 , 1.25 ,-1.86 , 0.89 
Sheffield,E08000019, 0.98 ,-0.73 , 1.17 ,-1.44 ,-0.30 , 2.13 ,-0.90 ,-4.97 , 2.70 ,-3.13 ,-4.49 
Newcastle upon Tyne,E08000021, 1.46 ,-0.14 ,-0.71 ,-1.41 ,-4.25 , 3.07 ,-3.51 ,-1.42 , 1.00 , 0.46 ,-5.46 
North Tyneside,E08000022, 3.14 ,-0.31 , 2.87 , 2.05 ,-3.65 , 1.62 , 0.57 ,-0.84 , 1.86 ,-1.04 , 6.27 
South Tyneside,E08000023, 2.58 ,-1.66 , 1.73 ,-1.00 ,-6.22 , 1.19 ,-3.53 ,-1.37 ,-0.04 ,-1.56 ,-9.89 
Sunderland,E08000024, 3.10 ,-1.75 , 1.09 , 1.58 ,-7.13 , 0.69 ,-3.90 ,-2.33 , 0.20 ,-3.50 ,-11.97 
Birmingham,E08000025, 0.85 ,-0.93 ,-0.50 ,-0.94 ,-4.10 , 1.04 ,-5.96 ,-2.05 ,-2.44 ,-2.94 ,-17.96 
Coventry,E08000026, 2.09 ,-0.86 , 1.92 , 0.12 ,-2.11 , 2.88 , 0.34 , 0.14 ,-0.14 ,-2.20 , 2.19 
Dudley,E08000027, 3.04 , 0.31 , 1.51 ,-1.55 ,-1.25 , 2.29 , 0.09 ,-1.23 , 1.48 ,-1.63 , 3.06 
Sandwell,E08000028, 3.15 ,-1.72 , 0.55 ,-0.25 ,-4.76 , 1.85 ,-4.24 ,-2.32 ,-0.92 ,-3.60 ,-12.25 
Solihull,E08000029, 6.43 , 0.78 , 4.81 , 2.13 , 2.92 , 1.53 , 4.96 ,-0.35 , 3.21 , 1.74 , 28.17 
Walsall,E08000030, 3.45 ,-1.25 ,-0.26 ,-0.99 ,-4.42 , 2.15 ,-3.04 ,-0.72 ,-1.26 ,-5.29 ,-11.61 
Wolverhampton,E08000031, 3.84 ,-0.67 ,-0.39 , 1.32 ,-4.73 , 2.08 ,-4.01 ,-0.03 ,-0.42 ,-4.42 ,-7.44 
Bradford,E08000032, 2.01 , 0.02 ,-1.40 ,-2.69 ,-3.61 , 2.32 ,-3.48 ,-2.49 , 0.80 ,-0.92 ,-9.43 
Calderdale,E08000033, 2.45 , 0.75 ,-3.12 , 1.52 ,-2.70 , 3.03 , 0.29 ,-0.22 , 2.61 , 2.28 , 6.89 
Kirklees,E08000034, 1.73 , 0.93 , 1.55 , 0.52 ,-1.93 , 0.31 ,-0.87 ,-3.57 , 1.65 ,-0.10 , 0.22 
Leeds,E08000035,-0.28 , 1.54 ,-1.44 ,-2.64 ,-2.04 , 1.80 , 0.43 ,-1.51 , 2.64 ,-0.52 ,-2.02 
Wakefield,E08000036, 3.19 ,-0.56 ,-0.61 , 0.27 ,-6.36 , 3.30 , 0.91 ,-1.81 , 1.74 ,-3.09 ,-3.02 
Gateshead,E08000037, 2.21 ,-0.60 , 2.17 , 1.92 ,-5.03 , 0.98 ,-1.98 ,-3.01 , 0.15 ,-1.97 ,-5.18 
City of London,E09000001,-2.28 , 25.29 ,-12.92 , 9.08 , 16.05 ,-6.67 , 9.47 ,-1.78 ,-2.87 , 1.47 , 34.84 
Barking and Dagenham,E09000002, 6.20 , 1.44 , 0.75 , 1.82 ,-4.25 , 3.11 ,-1.59 , 2.35 ,-5.71 ,-4.41 ,-0.30 
Barnet,E09000003, 0.57 , 0.06 , 4.99 , 8.25 , 4.58 , 1.44 , 4.35 ,-1.87 , 2.05 , 1.36 , 25.78 
Bexley,E09000004, 3.13 , 0.10 , 3.82 , 3.90 , 1.04 , 4.27 , 5.65 , 1.09 , 0.18 ,-0.33 , 22.84 
Brent,E09000005, 1.56 ,-1.18 , 2.68 , 2.85 , 3.67 , 2.88 , 0.87 ,-2.47 ,-2.54 ,-1.74 , 6.59 
Bromley,E09000006, 1.26 , 1.91 , 5.12 , 6.97 , 4.96 , 2.37 , 7.63 , 0.70 , 3.15 , 2.74 , 36.81 
Camden,E09000007,-3.37 , 3.98 , 3.95 , 3.58 , 7.82 , 3.14 , 0.95 ,-7.01 , 3.64 ,-1.57 , 15.10 
Croydon,E09000008,-0.45 , 1.71 , 0.41 , 1.04 , 0.32 , 2.91 , 2.11 ,-0.19 ,-0.49 , 0.29 , 7.67 
Ealing,E09000009, 1.79 , 1.28 , 3.52 , 3.10 , 3.30 , 4.15 , 1.18 ,-1.61 ,-1.08 , 0.96 , 16.60 
Enfield,E09000010, 1.82 , 0.89 , 1.88 , 1.10 , 0.46 , 2.34 , 1.12 ,-4.83 ,-1.08 ,-0.95 , 2.76 
Greenwich,E09000011, 2.18 , 0.26 ,-1.47 , 3.18 ,-0.31 , 3.14 , 0.80 ,-1.13 , 0.55 ,-1.71 , 5.49 
Hackney,E09000012, 0.17 , 4.71 , 1.92 , 4.28 ,-0.71 , 3.34 ,-4.83 ,-4.52 ,-0.98 ,-15.26 ,-11.89 
Hammersmith and Fulham,E09000013, 0.83 , 3.94 , 3.56 , 7.52 , 2.70 , 1.66 , 2.05 , 1.55 , 2.50 ,-1.24 , 25.06 
Haringey,E09000014, 0.40 , 3.20 , 2.54 , 0.65 , 1.50 , 2.70 ,-0.03 ,-3.06 , 0.53 ,-0.91 , 7.52 
Harrow,E09000015, 0.02 , 1.47 , 5.10 , 4.77 , 3.26 , 2.33 , 4.45 ,-0.58 , 0.80 , 1.07 , 22.69 
Havering,E09000016, 5.59 , 0.05 , 4.24 , 4.27 , 1.23 , 2.01 , 4.82 , 2.26 , 0.64 , 0.57 , 25.69 
Hillingdon,E09000017, 1.91 , 0.20 , 5.01 , 3.93 , 1.59 , 2.55 , 4.11 ,-1.94 ,-0.80 , 0.99 , 17.54 
Hounslow,E09000018,-0.55 , 2.82 , 3.85 , 3.91 ,-0.13 , 3.00 , 1.44 ,-0.03 ,-1.82 , 0.65 , 13.13 
Islington,E09000019, 4.37 , 4.81 , 2.25 , 3.09 , 0.16 , 3.64 ,-0.82 ,-6.20 , 1.93 ,-0.04 , 13.18 
Kensington and Chelsea,E09000020,-2.72 , 3.36 , 3.69 , 6.41 , 15.87 , 0.13 , 5.91 ,-1.70 , 1.27 ,-0.30 , 31.92 
Kingston upon Thames,E09000021, 0.96 , 4.14 , 6.22 , 7.14 , 5.90 , 3.99 , 8.00 ,-1.96 , 3.31 , 3.18 , 40.89 
Lambeth,E09000022,-0.21 , 4.02 , 1.12 , 2.38 ,-1.59 , 3.27 ,-0.82 ,-2.43 , 1.82 ,-1.88 , 5.68 
Lewisham,E09000023, 0.48 , 3.96 , 2.23 , 1.21 ,-0.37 , 2.40 , 0.95 ,-3.46 , 0.40 ,-2.76 , 5.05 
Merton,E09000024, 2.07 , 3.77 , 4.83 , 4.34 , 3.90 , 2.83 , 3.50 ,-1.49 , 3.58 , 0.63 , 27.96 
Newham,E09000025, 2.46 , 2.84 ,-0.33 , 4.16 ,-1.13 , 2.85 ,-3.36 , 1.10 ,-4.08 ,-4.41 , 0.09 
Redbridge,E09000026, 1.25 ,-0.06 , 3.61 , 4.84 , 1.42 , 2.04 , 3.82 ,-1.08 , 0.42 , 0.00 , 16.25 
Richmond upon Thames,E09000027, 0.75 , 3.95 , 4.75 , 8.06 , 8.75 , 2.29 , 9.26 ,-2.07 , 5.82 , 6.92 , 48.47 
Southwark,E09000028, 0.86 , 2.35 , 2.22 , 2.82 , 0.12 , 3.70 ,-2.16 ,-4.61 , 1.12 ,-1.82 , 4.61 
Sutton,E09000029, 2.53 , 1.62 , 5.26 , 8.97 , 3.45 , 3.91 , 6.40 ,-0.78 , 1.53 , 2.77 , 35.65 
Tower Hamlets,E09000030, 0.64 , 1.68 , 1.01 , 2.43 ,-0.44 , 3.42 ,-5.18 ,-2.74 ,-0.57 ,-2.15 ,-1.89 
Waltham Forest,E09000031, 3.24 , 1.87 , 3.03 , 3.63 , 2.79 , 3.28 , 0.81 ,-1.00 ,-0.88 ,-1.41 , 15.37 
Wandsworth,E09000032, 4.32 , 4.16 , 4.14 , 2.26 , 4.07 , 1.45 , 4.34 ,-3.58 , 3.49 , 0.74 , 25.39 
Westminster,E09000033, 2.52 , 4.11 , 2.31 , 5.64 , 11.23 , 1.65 , 2.47 ,-2.11 , 3.42 ,-1.44 , 29.80 
Cambridgeshire,E10000003, 3.41 , 1.59 , 5.08 , 1.70 , 3.11 , 2.56 , 5.34 , 1.54 , 2.61 , 2.12 , 29.07 
Cumbria,E10000006, 1.75 , 1.03 , 2.09 , 0.35 ,-0.29 , 1.07 , 4.36 , 0.56 , 2.92 , 1.20 , 15.03 
Derbyshire,E10000007, 2.28 , 1.36 , 4.76 , 0.78 ,-1.28 , 1.25 , 2.85 , 0.72 , 3.36 , 0.05 , 16.14 
Devon,E10000008, 2.67 , 2.30 , 5.35 , 1.15 , 4.15 , 4.28 , 3.71 , 2.82 , 3.55 , 2.12 , 32.10 
East Sussex,E10000011, 3.16 , 0.85 , 0.13 ,-0.84 , 0.67 , 2.42 , 3.18 , 0.44 , 2.06 , 0.54 , 12.61 
Essex,E10000012, 2.69 , 0.84 , 4.10 , 1.64 , 1.45 , 3.11 , 4.88 , 0.05 , 1.68 ,-0.39 , 20.04 
Gloucestershire,E10000013, 3.32 , 1.82 , 4.28 , 3.07 , 2.71 , 3.15 , 4.96 , 0.44 , 2.87 , 2.26 , 28.88 
Hampshire,E10000014, 3.76 , 1.64 , 3.70 , 2.01 , 3.26 , 1.73 , 6.18 ,-0.21 , 3.64 , 1.62 , 27.32 
Hertfordshire,E10000015, 3.56 , 2.13 , 4.46 , 3.79 , 2.64 , 3.36 , 7.02 ,-0.82 , 2.64 , 1.11 , 29.90 
Kent,E10000016, 2.71 , 0.86 , 1.92 , 0.94 , 0.50 , 2.89 , 3.70 , 0.03 , 2.06 , 0.09 , 15.70 
Lancashire,E10000017, 2.93 , 0.38 , 2.81 , 0.89 ,-2.07 , 1.75 , 1.77 , 2.50 , 2.35 ,-0.80 , 12.52 
Leicestershire,E10000018, 3.72 , 1.40 , 4.65 , 1.33 , 0.84 , 2.15 , 5.52 , 0.92 , 3.45 , 0.28 , 24.27 
Lincolnshire,E10000019, 2.95 , 0.29 , 4.00 , 0.07 ,-1.55 , 1.82 , 2.59 , 2.62 , 0.65 ,-1.63 , 11.80 
Norfolk,E10000020, 3.30 , 0.59 , 3.46 ,-0.79 , 0.56 , 1.87 , 2.79 , 1.18 , 1.50 , 0.14 , 14.60 
North Yorkshire,E10000023, 3.30 , 1.98 , 3.41 ,-3.43 , 3.15 , 0.60 , 4.68 ,-0.01 , 3.12 , 1.31 , 18.10 
Nottinghamshire,E10000024, 3.04 , 0.47 , 3.59 , 1.37 ,-1.93 , 1.89 , 3.73 ,-0.88 , 2.87 , 0.96 , 15.11 
Oxfordshire,E10000025, 3.43 , 3.06 , 4.65 , 1.70 , 5.15 , 4.05 , 6.84 , 0.33 , 4.04 , 1.87 , 35.12 
Somerset,E10000027, 2.62 , 1.57 , 5.00 ,-0.54 , 2.13 , 3.27 , 3.54 , 2.28 , 2.51 , 0.58 , 22.96 
Staffordshire,E10000028, 4.00 , 1.04 , 5.97 , 1.56 ,-1.06 , 2.28 , 3.81 ,-0.75 , 2.46 ,-0.97 , 18.34 
Suffolk,E10000029, 3.31 , 1.53 , 3.37 ,-0.75 , 2.32 , 1.74 , 3.70 , 1.14 , 1.79 , 0.81 , 18.94 
Surrey,E10000030, 1.35 , 3.23 , 5.81 , 0.50 , 5.66 , 3.22 , 8.54 , 0.67 , 4.13 , 2.15 , 35.26 
Warwickshire,E10000031, 3.40 , 2.50 , 4.36 , 2.51 , 0.20 , 2.25 , 5.08 , 1.13 , 2.75 , 1.08 , 25.24 
West Sussex,E10000032, 3.09 , 1.27 , 6.10 ,-0.10 , 1.30 , 3.63 , 5.24 ,-0.43 , 3.31 , 0.92 , 24.34 
Worcestershire,E10000034, 4.83 , 1.96 , 5.36 ,-0.29 , 1.46 , 2.27 , 3.62 ,-0.37 , 1.62 , 0.69 , 21.14 
North East,E12000001, 3.18 ,-0.70 , 0.81 , 0.49 ,-4.74 , 0.65 ,-1.13 ,-0.95 ,-0.15 ,-1.12 ,-3.67 
North West,E12000002, 2.79 , 0.57 , 1.64 , 0.36 ,-2.48 , 2.36 , 1.15 ,-0.85 , 0.47 ,-1.10 , 4.91 
Yorkshire and Humberside,E12000003, 3.54 , 0.53 , 0.31 ,-1.15 ,-2.42 , 1.84 , 0.49 ,-1.31 , 0.95 ,-0.80 , 1.98 
East Midlands,E12000004, 3.03 , 0.67 , 2.16 , 0.18 ,-1.47 , 1.86 , 2.51 , 0.55 , 1.40 ,-0.15 , 10.74 
West Midlands,E12000005, 4.14 , 0.37 , 2.41 , 0.06 ,-1.59 , 2.23 , 0.46 ,-0.58 , 0.85 ,-0.76 , 7.60 
East of England,E12000006, 3.35 , 1.27 , 3.82 , 1.20 , 1.41 , 2.51 , 4.10 , 0.31 , 2.19 , 0.48 , 20.65 
London,E12000007, 2.00 , 2.29 , 2.96 , 3.90 , 2.48 , 2.79 , 3.67 ,-1.87 , 2.56 ,-1.98 , 18.81 
South East,E12000008, 2.91 , 1.72 , 3.33 , 1.11 , 2.50 , 2.73 , 4.71 ,-0.28 , 3.10 , 0.60 , 22.43 
South West,E12000009, 3.23 , 1.73 , 3.68 , 0.52 , 1.86 , 3.48 , 3.45 , 0.67 , 3.11 , 0.43 , 22.16 
England,E92000001, 3.09 , 1.16 , 2.52 , 1.00 , 0.02 , 2.63 , 2.49 ,-0.54 , 1.84 ,-0.43 , 13.77 
Antrim and Newtownabbey,N09000001, 3.15 , 1.23 , 2.52 , 1.00 ,-2.01 ,-1.54 , 1.86 , 1.38 , 2.01 ,-0.13 , 9.47 
Armagh Banbridge and Craigavon,N09000002, 3.15 , 1.21 , 2.52 , 1.00 ,-0.30 ,-2.03 , 1.29 , 1.01 , 2.01 ,-0.13 , 9.72 
Belfast,N09000003, 3.15 , 1.27 , 2.52 , 1.00 ,-7.04 , 0.85 , 1.16 ,-2.75 , 2.01 ,-0.13 , 2.04 
Causeway Coast and Glens,N09000004, 3.15 , 1.20 , 2.52 , 1.00 ,-1.23 ,-1.78 , 1.15 , 4.40 , 2.01 ,-0.13 , 12.29 
Derry and Strabane,N09000005, 3.15 , 1.22 , 2.52 , 1.00 ,-3.19 ,-0.92 , 1.07 , 1.90 , 2.01 ,-0.13 , 8.63 
Fermanagh and Omagh,N09000006, 3.15 , 1.25 , 2.52 , 1.00 ,-0.58 ,-2.63 , 1.27 , 5.83 , 2.01 ,-0.13 , 13.69 
Lisburn and Castlereagh,N09000007, 3.15 , 1.23 , 2.52 , 1.00 , 2.28 ,-0.81 , 2.35 , 3.24 , 2.01 ,-0.13 , 16.83 
Mid and East Antrim,N09000008, 3.15 , 1.17 , 2.52 , 1.00 ,-2.54 ,-1.80 , 1.55 , 0.75 , 2.01 ,-0.13 , 7.67 
Mid Ulster,N09000009, 3.15 , 1.26 , 2.52 , 1.00 ,-0.82 ,-1.11 , 1.44 , 5.30 , 2.01 ,-0.13 , 14.62 
Newry Mourne and Down,N09000010, 3.15 , 1.42 , 2.52 , 1.00 ,-0.58 ,-0.50 , 0.92 , 5.02 , 2.01 ,-0.13 , 14.82 
Ards and North Down,N09000011, 3.15 , 1.18 , 2.52 , 1.00 ,-0.12 ,-1.38 , 1.93 , 0.93 , 2.01 ,-0.13 , 11.09 
Northern Ireland,N92000002, 3.15 , 1.24 , 2.52 , 1.00 ,-1.72 ,-1.23 , 1.46 , 1.87 , 2.01 ,-0.13 , 10.16 
Clackmannanshire,S12000005, 3.15 , 1.15 , 2.52 , 1.00 ,-3.96 , 0.62 , 2.06 ,-1.56 , 2.01 ,-0.13 , 6.86 
Dumfries and Galloway,S12000006, 3.15 , 0.74 , 2.52 , 1.00 ,-2.57 , 1.30 , 1.42 , 2.76 , 2.01 ,-0.13 , 12.20 
East Ayrshire,S12000008, 3.15 , 0.82 , 2.52 , 1.00 ,-7.76 , 2.06 , 2.36 ,-0.54 , 2.01 ,-0.13 , 5.48 
East Lothian,S12000010, 3.15 , 2.06 , 2.52 , 1.00 , 0.40 , 0.81 , 3.10 , 1.45 , 2.01 ,-0.13 , 16.36 
East Renfrewshire,S12000011, 3.15 , 3.35 , 2.52 , 1.00 , 3.29 , 1.47 , 7.01 , 2.05 , 2.01 ,-0.13 , 25.72 
Eilean Siar,S12000013, 3.15 , 1.52 , 2.52 , 1.00 , 2.17 ,-4.37 , 3.88 , 6.61 , 2.01 ,-0.13 , 18.36 
Falkirk,S12000014, 3.15 , 2.37 , 2.52 , 1.00 ,-5.34 , 0.08 , 2.37 ,-0.68 , 2.01 ,-0.13 , 7.33 
Highland,S12000017, 3.15 , 2.11 , 2.52 , 1.00 ,-1.00 , 1.77 , 2.78 , 4.24 , 2.01 ,-0.13 , 18.45 
Inverclyde,S12000018, 3.15 , 0.95 , 2.52 , 1.00 ,-9.83 , 2.34 , 3.08 ,-0.70 , 2.01 ,-0.13 , 4.40 
Midlothian,S12000019, 3.15 , 3.60 , 2.52 , 1.00 ,-3.83 , 2.29 , 2.88 , 0.27 , 2.01 ,-0.13 , 13.76 
Moray,S12000020, 3.15 , 1.58 , 2.52 , 1.00 ,-1.99 , 1.30 , 2.05 , 1.06 , 2.01 ,-0.13 , 12.54 
North Ayrshire,S12000021, 3.15 , 0.28 , 2.52 , 1.00 ,-8.96 , 1.49 , 2.34 ,-2.83 , 2.01 ,-0.13 , 0.87 
Orkney Islands,S12000023, 3.15 ,-2.53 , 2.52 , 1.00 , 7.20 , 0.17 , 2.10 , 9.35 , 2.01 ,-0.13 , 24.85 
Scottish Borders,S12000026, 3.15 , 0.04 , 2.52 , 1.00 ,-0.38 , 0.59 , 2.16 , 2.14 , 2.01 ,-0.13 , 13.09 
Shetland Islands,S12000027, 3.15 , 1.97 , 2.52 , 1.00 , 0.42 ,-1.55 , 3.66 , 2.56 , 2.01 ,-0.13 , 15.60 
South Ayrshire,S12000028, 3.15 , 0.73 , 2.52 , 1.00 ,-3.28 , 1.63 , 3.37 , 0.25 , 2.01 ,-0.13 , 11.26 
South Lanarkshire,S12000029, 3.15 , 1.82 , 2.52 , 1.00 ,-4.85 , 1.80 , 3.44 ,-3.04 , 2.01 ,-0.13 , 7.71 
Stirling,S12000030, 3.15 , 2.23 , 2.52 , 1.00 ,-1.46 , 1.66 , 3.87 ,-0.33 , 2.01 ,-0.13 , 14.51 
Aberdeen,S12000033, 3.15 , 2.23 , 2.52 , 1.00 ,-4.85 , 2.15 , 2.80 ,-2.64 , 2.01 ,-0.13 , 8.25 
Aberdeenshire,S12000034, 3.15 , 1.56 , 2.52 , 1.00 , 1.07 , 0.31 , 3.99 , 0.07 , 2.01 ,-0.13 , 15.54 
Argyll and Bute,S12000035, 3.15 , 2.05 , 2.52 , 1.00 ,-1.46 , 1.72 , 1.97 , 3.47 , 2.01 ,-0.13 , 16.30 
Edinburgh,S12000036, 3.15 , 4.31 , 2.52 , 1.00 ,-0.02 , 2.82 , 3.90 ,-0.30 , 2.01 ,-0.13 , 19.23 
Renfrewshire,S12000038, 3.15 , 2.60 , 2.52 , 1.00 ,-5.29 , 2.25 , 3.69 ,-4.21 , 2.01 ,-0.13 , 7.59 
West Dunbartonshire,S12000039, 3.15 , 1.24 , 2.52 , 1.00 ,-8.91 , 2.82 , 2.22 ,-1.15 , 2.01 ,-0.13 , 4.76 
West Lothian,S12000040, 3.15 , 1.88 , 2.52 , 1.00 ,-4.18 , 2.13 , 2.61 ,-4.55 , 2.01 ,-0.13 , 6.44 
Angus,S12000041, 3.15 , 2.47 , 2.52 , 1.00 ,-1.71 , 1.25 , 2.52 ,-1.62 , 2.01 ,-0.13 , 11.46 
Dundee,S12000042, 3.15 , 1.33 , 2.52 , 1.00 ,-9.47 , 2.72 , 1.70 ,-2.91 , 2.01 ,-0.13 , 1.91 
East Dunbartonshire,S12000045, 3.15 , 2.40 , 2.52 , 1.00 , 2.49 , 1.54 , 5.37 , 0.71 , 2.01 ,-0.13 , 21.05 
Fife,S12000047, 3.15 , 0.86 , 2.52 , 1.00 ,-5.46 , 1.18 , 2.38 ,-0.56 , 2.01 ,-0.13 , 6.95 
Perth and Kinross,S12000048, 3.15 , 3.05 , 2.52 , 1.00 , 0.38 , 0.90 , 2.77 , 1.14 , 2.01 ,-0.13 , 16.78 
Glasgow,S12000049, 3.15 , 2.51 , 2.52 , 1.00 ,-10.78 , 3.76 , 1.52 ,-4.55 , 2.01 ,-0.13 , 1.01 
North Lanarkshire,S12000050, 3.15 , 1.28 , 2.52 , 1.00 ,-9.79 , 2.11 , 2.22 ,-0.07 , 2.01 ,-0.13 , 4.30 
Scotland,S92000003, 3.15 , 2.08 , 2.52 , 1.00 ,-4.13 , 1.70 , 2.80 ,-0.86 , 2.01 ,-0.13 , 10.14 
Isle of Anglesey,W06000001, 3.95 , 0.23 ,-2.06 , 1.00 , 0.05 , 0.40 , 0.10 , 1.21 , 2.01 ,-0.13 , 6.77 
Gwynedd,W06000002, 3.85 , 1.32 , 2.02 , 1.00 , 1.91 , 1.44 ,-0.64 , 0.69 , 2.01 ,-0.13 , 13.46 
Conwy,W06000003, 3.93 , 1.55 , 1.66 , 1.00 , 0.14 , 1.87 , 0.26 , 0.42 , 2.01 ,-0.13 , 12.70 
Denbighshire,W06000004, 4.05 , 1.26 ,-1.03 , 1.00 ,-1.29 , 1.44 ,-0.04 , 2.97 , 2.01 ,-0.13 , 10.24 
Flintshire,W06000005, 4.23 , 2.20 , 2.84 , 1.00 ,-0.34 , 0.57 , 1.60 ,-1.77 , 2.01 ,-0.13 , 12.21 
Wrexham,W06000006, 4.20 , 0.09 , 1.28 , 1.00 ,-1.75 , 1.94 , 0.50 ,-3.08 , 2.01 ,-0.13 , 6.06 
Ceredigion,W06000008, 3.62 , 2.33 , 2.22 , 1.00 , 0.02 ,-0.00 , 0.03 ,-1.57 , 2.01 ,-0.13 , 9.52 
Pembrokeshire,W06000009, 4.00 , 0.37 , 2.27 , 1.00 , 0.19 , 0.85 , 0.23 , 0.52 , 2.01 ,-0.13 , 11.30 
Carmarthenshire,W06000010, 4.36 , 0.72 , 2.41 , 1.00 ,-2.79 , 0.90 , 0.53 , 1.44 , 2.01 ,-0.13 , 10.44 
Swansea,W06000011, 4.20 ,-0.29 , 3.65 , 1.00 ,-3.30 , 2.32 , 0.87 ,-2.36 , 2.01 ,-0.13 , 7.97 
Neath Port Talbot,W06000012, 4.79 , 0.22 , 3.03 , 1.00 ,-5.67 ,-7.69 , 0.98 ,-0.26 , 2.01 ,-0.13 ,-1.72 
Bridgend,W06000013, 4.24 , 1.79 , 3.91 , 1.00 ,-5.18 , 2.03 , 0.95 , 1.10 , 2.01 ,-0.13 , 11.72 
The Vale of Glamorgan,W06000014, 3.27 , 1.81 , 4.41 , 1.00 , 0.08 , 1.42 , 1.82 , 1.01 , 2.01 ,-0.13 , 16.70 
Cardiff,W06000015, 3.45 , 1.48 , 3.53 , 1.00 ,-0.47 , 3.15 , 0.75 ,-1.34 , 2.01 ,-0.13 , 13.43 
"Rhondda, Cynon, Taff",W06000016, 4.69 , 0.93 , 3.43 , 1.00 ,-5.87 , 2.29 ,-0.33 ,-3.48 , 2.01 ,-0.13 , 4.55 
Caerphilly,W06000018, 4.48 , 0.64 , 2.18 , 1.00 ,-6.48 , 2.37 , 0.49 ,-1.23 , 2.01 ,-0.13 , 5.32 
Blaenau Gwent,W06000019, 4.95 ,-0.37 ,-1.96 , 1.00 ,-8.26 , 1.82 ,-0.65 ,-3.12 , 2.01 ,-0.13 ,-4.71 
Torfaen,W06000020, 4.14 ,-0.97 ,-0.96 , 1.00 ,-5.17 , 2.70 ,-0.12 ,-1.18 , 2.01 ,-0.13 , 1.32 
Monmouthshire,W06000021, 3.28 , 2.97 , 4.36 , 1.00 , 5.53 , 1.13 , 3.14 , 2.30 , 2.01 ,-0.13 , 25.60 
Newport,W06000022, 3.95 ,-0.35 ,-0.37 , 1.00 ,-4.52 , 2.32 , 0.15 ,-1.21 , 2.01 ,-0.13 , 2.85 
Powys,W06000023, 3.64 , 0.58 , 3.96 , 1.00 , 0.72 , 0.57 , 0.19 , 0.01 , 2.01 ,-0.13 , 12.55 
Merthyr Tydfil,W06000024, 4.75 ,-1.16 , 2.49 , 1.00 ,-7.36 , 1.87 ,-0.40 ,-0.68 , 2.01 ,-0.13 , 2.39 
Wales,W92000004, 4.11 , 0.82 , 2.49 , 1.00 ,-2.23 , 1.23 , 0.54 ,-0.68 , 2.01 ,-0.13 , 9.16 
